<?xml version="1.0" encoding="UTF-8"?>
<beans:beans xmlns="http://www.springframework.org/schema/security" xmlns:beans="http://www.springframework.org/schema/beans" xmlns:xsi="http://www.w3.org/2001/XMLSchema-instance"
	xsi:schemaLocation="http://www.springframework.org/schema/security http://www.springframework.org/schema/security/spring-security.xsd
		http://www.springframework.org/schema/beans http://www.springframework.org/schema/beans/spring-beans-4.3.xsd">

	<!-- URL 설정 -->
	<http use-expressions="true">
		<intercept-url pattern="/login/loginForm.do" access="permitAll" />
		<intercept-url pattern="/home.do" access="permitAll" />
		<intercept-url pattern="/user/**" access="permitAll" />
		<intercept-url pattern="/admin/**" access="hasRole('ADMIN')" />
		<intercept-url pattern="/**" access="hasAnyRole('USER, ADMIN')" />

		<form-login login-page="/login/loginForm.do" default-target-url="/home.do" 
		            authentication-failure-url="/login/loginForm.do?error" 
		            username-parameter="uid" 
		            password-parameter="password" />
		<logout logout-url="/logout" logout-success-url="/home.do" />

		<access-denied-handler error-page="/login/loginDenied.do" />
	</http>
<beans:bean id="userDetailsService" class="org.springframework.security.core.userdetails.jdbc.JdbcDaoImpl">
		<beans:property name="dataSource" ref="dataSource" />
	</beans:bean>
	
 		<!-- BCryptPasswordEncoder 클래스 빈 추가    
	<beans:bean id="bcryptPasswordEncoder" 
	             class="org.springframework.security.crypto.bcrypt.BCryptPasswordEncoder" /> 
	       -->   
	              
	<!-- provider -->
	<authentication-manager>
		<authentication-provider>
<!--  		    <password-encoder ref="bcryptPasswordEncoder"/>   -->
			<jdbc-user-service data-source-ref="dataSource" role-prefix="" users-by-username-query="select username, password, enabled from tbl_users where username = ?"
				authorities-by-username-query="select username, authority from tbl_authorities where username = ?"
				group-authorities-by-username-query="select g.id, g.group_name, ga.authority from tbl_groups g, 
				          tbl_group_members gm, tbl_group_authorities ga where gm.username = ? 
				          and g.id = ga.group_id and g.id = gm.group_id" />
		</authentication-provider>
	</authentication-manager>
	
	

</beans:beans>