<?xml version="1.0" encoding="UTF-8"?>
<!DOCTYPE configuration PUBLIC "-//mybatis.org//DTD Config 3.0//EN" "http://mybatis.org/dtd/mybatis-3-config.dtd">

<configuration>

	<settings>
		<setting name="mapUnderscoreToCamelCase" value="true" />
	</settings>
	
    <typeAliases>
		<typeAlias alias="egovMap" type="egovframework.rte.psl.dataaccess.util.EgovMap"/>
		<typeAlias alias="searchVO" type="egovframework.example.sample.service.SampleDefaultVO"/>
		<typeAlias alias="sampleVO" type="egovframework.example.sample.service.SampleVO"/>
    </typeAliases>
</configuration>

